<?xml version="1.0" encoding="UTF-8" ?>
<!-- This is a WordPress eXtended RSS file generated by WordPress as an export of your site. -->
<!-- It contains information about your site's posts, pages, comments, categories, and other content. -->
<!-- You may use this file to transfer that content from one site to another. -->
<!-- This file is not intended to serve as a complete backup of your site. -->

<!-- To import this information into a WordPress site follow these steps: -->
<!-- 1. Log in to that site as an administrator. -->
<!-- 2. Go to Tools: Import in the WordPress admin panel. -->
<!-- 3. Install the "WordPress" importer from the list. -->
<!-- 4. Activate & Run Importer. -->
<!-- 5. Upload this file using the form provided on that page. -->
<!-- 6. You will first be asked to map the authors in this export file to users -->
<!--    on the site. For each author, you may choose to map to an -->
<!--    existing user on the site or to create a new user. -->
<!-- 7. WordPress will then import each of the posts, pages, comments, categories, etc. -->
<!--    contained in this file into your site. -->

<!-- generator="WordPress/3.8" created="2013-12-17 01:55" -->
<rss version="2.0"
	xmlns:excerpt="http://wordpress.org/export/1.2/excerpt/"
	xmlns:content="http://purl.org/rss/1.0/modules/content/"
	xmlns:wfw="http://wellformedweb.org/CommentAPI/"
	xmlns:dc="http://purl.org/dc/elements/1.1/"
	xmlns:wp="http://wordpress.org/export/1.2/"
>

<channel>
	<title>ETSandbox</title>
	<link>http://localhost:8888</link>
	<description>Just another WordPress site</description>
	<pubDate>Tue, 17 Dec 2013 01:55:29 +0000</pubDate>
	<language>en-US</language>
	<wp:wxr_version>1.2</wp:wxr_version>
	<wp:base_site_url>http://localhost:8888</wp:base_site_url>
	<wp:base_blog_url>http://localhost:8888</wp:base_blog_url>

	<wp:author><wp:author_id>1</wp:author_id><wp:author_login>KennySing</wp:author_login><wp:author_email>hello@kennysing.com</wp:author_email><wp:author_display_name><![CDATA[KennySing]]></wp:author_display_name><wp:author_first_name><![CDATA[]]></wp:author_first_name><wp:author_last_name><![CDATA[]]></wp:author_last_name></wp:author>


	<generator>http://wordpress.org/?v=3.8</generator>

	<item>
				<title>Cool Layout</title>
		<link>http://localhost:8888/?post_type=et_pb_layout&#038;p=113</link>
		<pubDate>Fri, 06 Dec 2013 23:34:26 +0000</pubDate>
		<dc:creator><![CDATA[KennySing]]></dc:creator>
		<guid isPermaLink="false">http://localhost:8888/?post_type=et_pb_layout&#038;p=113</guid>
		<description></description>
		<content:encoded><![CDATA[[et_pb_section background_image="" background_color="#21e1ef" background_video_mp4="" background_video_webm="" background_video_width="" background_video_height="" inner_shadow="off" parallax="on"][et_pb_row][et_pb_column type="1_3"][et_pb_text admin_label="Text2" background_layout="dark" text_orientation="right"]

Some content <strong>goes</strong> here!

[/et_pb_text][et_pb_contact_form admin_label="Contact Form" captcha="on" email="email@email.com" title="Title Goes Here"][et_pb_testimonial admin_label="Great Testimonial" author="Testimonial Title" url="http://elegantthemes.com" url_new_window="on"]

Some <strong>content </strong>

[/et_pb_testimonial][/et_pb_column][et_pb_column type="1_3"][et_pb_toggle admin_label="Toggle" title="Toggle Title" open="on"]

Content <strong>goes</strong> here

[/et_pb_toggle][et_pb_tabs admin_label="Tabs3"][et_pb_tab title="Tab 17"]

Content <strong>goes</strong> here

[/et_pb_tab][et_pb_tab title="Awesome"]

<em>Some</em> <strong>content </strong>

[/et_pb_tab][et_pb_tab title="Tab 1"]

Some <strong>content </strong>

[/et_pb_tab][et_pb_tab title="Tab New"]

<strong>More</strong> content

[/et_pb_tab][/et_pb_tabs][et_pb_toggle admin_label="Closed Toggle" title="New Toggle" open="off"]

<strong>More</strong> content goes here

[/et_pb_toggle][/et_pb_column][et_pb_column type="1_3"][et_pb_counters admin_label="Animated Counters" background_layout="light" background_color="green" bar_bg_color="red"][et_pb_counter percent="80"]Counter[/et_pb_counter][et_pb_counter percent="50"]One more counter[/et_pb_counter][et_pb_counter percent="70"]Some Text[/et_pb_counter][/et_pb_counters][et_pb_portfolio admin_label="Portfolio" fullwidth="off" posts_number="8" show_title="on" show_categories="on" show_pagination="on" background_layout="light"][et_pb_sidebar admin_label="Sidebar" orientation="right" area="et_pb_widget_area_2" background_layout="dark"][/et_pb_column][/et_pb_row][et_pb_row][et_pb_column type="4_4"][et_pb_image admin_label="Image" src="http://elegantthemesimages.com/images/business/Desert.jpg" alt="alt2" url="" animation="left"][et_pb_pricing_tables admin_label="Pricing Table"][et_pb_pricing_table title="New Title" subtitle="Subtitle" currency="$" per="yr" sum="39" button_url="http://elegantthemes.com" button_text="Sign Up!" featured="off"]

-Complete <a href="http://elegantthemes.com" target="_blank">Access</a>
+Perpetual Theme Updates
+Premium Technical Support
-Complete Access New

[/et_pb_pricing_table][et_pb_pricing_table featured="on" title="Featured Table" subtitle="Subtitle" currency="euro" per="month" sum="59" button_url="http://elegantthemes.com" button_text="Text"]

+Included option

+More options

- Excluded option

[/et_pb_pricing_table][/et_pb_pricing_tables][et_pb_blog admin_label="Blog" fullwidth="off" posts_number="7" meta_date="" show_thumbnail="on" show_content="off" show_author="off" show_date="on" show_categories="on" show_pagination="on" background_layout="light" include_categories="3,4"][/et_pb_column][/et_pb_row][et_pb_row][et_pb_column type="1_2"][et_pb_text admin_label="Text" background_layout="light" text_orientation="left"][et_pb_blurb admin_label="Blurb" title="" url="" url_new_window="off" image="" alt="" background_layout="light" text_orientation="left"][et_pb_tabs admin_label="Tabs2"][et_pb_tab title="Cool Tab 2"]

Some cool <strong>text </strong>

[/et_pb_tab][et_pb_tab title="New"]

dfgfdhgfdf

[/et_pb_tab][/et_pb_tabs][/et_pb_column][et_pb_column type="1_2"][et_pb_tabs admin_label="Tabs"][et_pb_tab title="New"]

More <strong>content </strong>

[/et_pb_tab][et_pb_tab title="Tab 1"]

Content <strong>goes</strong> here

[/et_pb_tab][/et_pb_tabs][/et_pb_column][/et_pb_row][/et_pb_section][et_pb_section background_image="" background_color="#ccc" background_video_mp4="" background_video_webm="" background_video_width="" background_video_height="" inner_shadow="off" parallax="off"][et_pb_row][et_pb_column type="1_2"][et_pb_blurb admin_label="Awesome" title="Blurb Title" url="http://elegantthemes.com" url_new_window="on" image="" alt="" background_layout="light" text_orientation="right"]

New content for the <strong>blurb </strong>

[/et_pb_blurb][/et_pb_column][et_pb_column type="1_2"][/et_pb_column][/et_pb_row][/et_pb_section][et_pb_section fullwidth="on"][et_pb_fullwidth_slider admin_label="Fullwidth Slider" show_arrows="on" show_pagination="off" parallax="off"][et_pb_slide heading="Slide 2" button_text="" button_link="" background_image="" background_color="#bee595" image="" image_alt="" background_layout="dark" video_bg_mp4="" video_bg_webm="" video_bg_width="" video_bg_height=""]

More content

[/et_pb_slide][et_pb_slide heading="Slide 1" button_text="Button" button_link="" background_image="" background_color="#74c9e8" image="" image_alt="" background_layout="light" video_bg_mp4="" video_bg_webm="" video_bg_width="" video_bg_height=""]

Content <strong>goes</strong> here

[/et_pb_slide][/et_pb_fullwidth_slider][/et_pb_section]]]></content:encoded>
		<excerpt:encoded><![CDATA[]]></excerpt:encoded>
		<wp:post_id>113</wp:post_id>
		<wp:post_date>2013-12-06 23:34:26</wp:post_date>
		<wp:post_date_gmt>2013-12-06 23:34:26</wp:post_date_gmt>
		<wp:comment_status>open</wp:comment_status>
		<wp:ping_status>open</wp:ping_status>
		<wp:post_name>cool-layout</wp:post_name>
		<wp:status>publish</wp:status>
		<wp:post_parent>0</wp:post_parent>
		<wp:menu_order>0</wp:menu_order>
		<wp:post_type>et_pb_layout</wp:post_type>
		<wp:post_password></wp:post_password>
		<wp:is_sticky>0</wp:is_sticky>
		<wp:postmeta>
			<wp:meta_key>_et_pb_predefined_layout</wp:meta_key>
			<wp:meta_value><![CDATA[on]]></wp:meta_value>
		</wp:postmeta>
	</item>
	<item>
				<title>Infographic</title>
		<link>http://localhost:8888/?post_type=et_pb_layout&#038;p=1343</link>
		<pubDate>Tue, 17 Dec 2013 01:40:33 +0000</pubDate>
		<dc:creator><![CDATA[KennySing]]></dc:creator>
		<guid isPermaLink="false">http://localhost:8888/?post_type=et_pb_layout&#038;p=1343</guid>
		<description></description>
		<content:encoded><![CDATA[<p>[et_pb_section fullwidth="on"][et_pb_fullwidth_slider admin_label="Fullwidth Slider" show_arrows="off" show_pagination="off" parallax="off"][et_pb_slide heading="Info Graphic" background_image="http://elegantthemesimages.com/images/business/Elegant_Background-3.jpg" background_color="#ffffff" background_layout="dark"]</p><p>Lorem ipsum dolor sit amet, consectetur adipiscing elit. Sed sed varius orci. In nulla ante, adipiscing ut nisi a, tristique tristique elit. Duis vel lacus nec arcu volutpat aliquet quis ac eros. In ac risus non magna pulvinar placerat sit amet eu mi. Integer sodales orci nibh, id porttitor nibh</p><p>[/et_pb_slide][/et_pb_fullwidth_slider][/et_pb_section][et_pb_section fullwidth="off" background_color="#374041" inner_shadow="on" parallax="off"][et_pb_row][et_pb_column type="1_2"][et_pb_divider admin_label="Divider" color="#ffffff" show_divider="off" height="120" /][et_pb_text admin_label="%of web" background_layout="dark" text_orientation="left"]</p><h3>Percentage of the Web</h3><p>Lorem ipsum dolor sit amet, consectetur adipiscing elit. Sed sed varius orci. In nulla ante, adipiscing ut nisi a, tristique tristique elit. Duis vel lacus nec arcu volutpat aliquet quis ac eros. In ac risus non magna pulvinar placerat sit amet eu mi. Integer sodales orci nibh, id porttitor nibh Lorem ipsum dolor sit amet, consectetur adipiscing elit.</p><p>Sed sed varius orci. In nulla ante, adipiscing ut nisi a, tristique tristique elit. Duis vel lacus nec arcu volutpat aliquet quis ac eros. In ac risus non magna pulvinar placerat sit amet eu mi. Integer sodales orci nibh, id porttitor nibh</p><p>[/et_pb_text][/et_pb_column][et_pb_column type="1_2"][et_pb_image admin_label="Image" src="http://elegantthemesimages.com/images/business/web-percentages.jpg" animation="right" alt="WP percentage of web" /][/et_pb_column][/et_pb_row][/et_pb_section][et_pb_section fullwidth="off" background_color="#404a4c" inner_shadow="off" parallax="off"][et_pb_row][et_pb_column type="1_2"][et_pb_image admin_label="Image" src="http://elegantthemesimages.com/images/business/wp-usage.jpg" animation="left" alt="WP Platform usage" /][/et_pb_column][et_pb_column type="1_2"][et_pb_divider admin_label="Divider" color="#ffffff" show_divider="off" height="45" /][et_pb_text admin_label="Platform Usage" background_layout="dark" text_orientation="left"]</p><h3>Platform Usage</h3><p>We continue to see the same trends in how people are using WordPress. Wordpress strictly as a CMS platform is more popular than ever and we are seeing Wordpress as a blog and blog hybrid on a slightly downward slope. An interesting statistic for 2013 is a 7% usage of Wordpress being used as an application platform, an aspect that aims to be emphasised in future updates. Duis vel lacus nec arcu volutpat aliquet quis ac eros. In ac risus non magna pulvinar placerat sit amet eu mi.</p><p>[/et_pb_text][/et_pb_column][/et_pb_row][/et_pb_section][et_pb_section fullwidth="off" background_color="#374041" inner_shadow="on" parallax="off"][et_pb_row][et_pb_column type="1_3"][et_pb_text admin_label="Text" background_layout="dark" text_orientation="left"]</p><h3>How We Access It</h3><p>Wordpress is being accessed primarily via the web. However, mobile phone and tablet usage has increased greatly over the last year along with a clear rise in desktop apps becoming a way to experience WordPress. In ac risus non magna pulvinar placerat sit amet eu mi. Integer sodales orci nibh, id porttitor nibh. Lorem ipsum dolor sit amet, consectetur adipiscing elit. Sed sed varius orci.</p><p>[/et_pb_text][/et_pb_column][et_pb_column type="2_3"][et_pb_counters admin_label="Animated Counters" background_layout="dark" background_color="#262c2d" bar_bg_color="#30d1c2"][et_pb_counter percent="98"]Web[/et_pb_counter][et_pb_counter percent="31"]iOS Devices[/et_pb_counter][et_pb_counter percent="30"]Android[/et_pb_counter][et_pb_counter percent="18"]Android Tablets[/et_pb_counter][et_pb_counter percent="12"]Desktop App[/et_pb_counter][/et_pb_counters][/et_pb_column][/et_pb_row][/et_pb_section][et_pb_section fullwidth="off"][et_pb_row][et_pb_column type="4_4"][et_pb_text admin_label="Text" background_layout="light" text_orientation="center"]</p><h1 style="text-align: center;">Have Your Heard of WordPress?</h1><p style="text-align: center;">29.3% Say YES</p><p>[/et_pb_text][et_pb_image admin_label="Image" src="http://elegantthemesimages.com/images/business/yes-percentage.jpg" animation="top" alt="29 percent" /][/et_pb_column][/et_pb_row][/et_pb_section][et_pb_section fullwidth="off" background_color="#f3f3f3" inner_shadow="off" parallax="off"][et_pb_row][et_pb_column type="4_4"][et_pb_image admin_label="Image" src="http://elegantthemesimages.com/images/business/downloads.jpg" alt="WP Downloads per Year" animation="top" /][/et_pb_column][/et_pb_row][/et_pb_section][et_pb_section fullwidth="off" background_color="#374041" inner_shadow="off" parallax="off"][et_pb_row][et_pb_column type="1_3"][et_pb_image admin_label="Image" src="http://elegantthemesimages.com/images/business/per_day.jpg" alt="WP Downloads Per Day" animation="right" /][/et_pb_column][et_pb_column type="1_3"][et_pb_image admin_label="Image" src="http://elegantthemesimages.com/images/business/per_hour.jpg" alt="WP Downloads Per Hour" animation="top" /][/et_pb_column][et_pb_column type="1_3"][et_pb_image admin_label="Image" src="http://elegantthemesimages.com/images/business/per_minute.jpg" alt="WP Downloads Per Minute" animation="left" /][/et_pb_column][/et_pb_row][/et_pb_section][et_pb_section fullwidth="off" background_color="#404a4c" inner_shadow="off" parallax="on"][et_pb_row][et_pb_column type="4_4"][et_pb_text admin_label="Text" background_layout="dark" text_orientation="center"]</p><h1>A Look Into the Future</h1><p>[/et_pb_text][/et_pb_column][/et_pb_row][et_pb_row][et_pb_column type="1_3"][et_pb_blurb admin_label="Blurb" title="WordPress 3.8" url_new_window="off" background_layout="dark" text_orientation="right"]</p><p>WordPress Three.8 Lorem ipsum dolor sit amet, consectetur adipiscing elit. Sed sed varius orci. In nulla ante, adipiscing ut nisi a, tristique tristique elit. Duis vel lacus nec arcu volutpat aliquet quis ac eros. In ac risus non magna pulvinar placerat sit amet eu mi. Integer so</p><p>[/et_pb_blurb][/et_pb_column][et_pb_column type="1_3"][et_pb_blurb admin_label="Blurb" title="WordPress 3.9" url_new_window="off" background_layout="dark" text_orientation="center"]WordPress Three.9 Lorem ipsum dolor sit amet, consectetur adipiscing elit. Sed sed varius orci. In nulla ante, adipiscing ut nisi a, tristique tristique elit. Duis vel lacus nec arcu volutpat aliquet quis ac eros. In ac risus non magna pulvinar placerat sit amet eu mi. Integer so[/et_pb_blurb][/et_pb_column][et_pb_column type="1_3"][et_pb_blurb admin_label="Blurb" title="WordPress 4.0" url_new_window="off" background_layout="dark" text_orientation="left"]</p><p>WordPress Four.0 Lorem ipsum dolor sit amet, consectetur adipiscing elit. Sed sed varius orci. In nulla ante, adipiscing ut nisi a, tristique tristique elit. Duis vel lacus nec arcu volutpat aliquet quis ac eros. In ac risus non magna pulvinar placerat sit amet eu mi. Integer so</p><p>[/et_pb_blurb][/et_pb_column][/et_pb_row][/et_pb_section]</p>]]></content:encoded>
		<excerpt:encoded><![CDATA[]]></excerpt:encoded>
		<wp:post_id>1343</wp:post_id>
		<wp:post_date>2013-12-17 01:40:33</wp:post_date>
		<wp:post_date_gmt>2013-12-17 01:40:33</wp:post_date_gmt>
		<wp:comment_status>open</wp:comment_status>
		<wp:ping_status>open</wp:ping_status>
		<wp:post_name>infographic</wp:post_name>
		<wp:status>publish</wp:status>
		<wp:post_parent>0</wp:post_parent>
		<wp:menu_order>0</wp:menu_order>
		<wp:post_type>et_pb_layout</wp:post_type>
		<wp:post_password></wp:post_password>
		<wp:is_sticky>0</wp:is_sticky>
	</item>
	<item>
				<title>Contact Us</title>
		<link>http://localhost:8888/?post_type=et_pb_layout&#038;p=1344</link>
		<pubDate>Tue, 17 Dec 2013 01:42:29 +0000</pubDate>
		<dc:creator><![CDATA[KennySing]]></dc:creator>
		<guid isPermaLink="false">http://localhost:8888/?post_type=et_pb_layout&#038;p=1344</guid>
		<description></description>
		<content:encoded><![CDATA[<p>[et_pb_section fullwidth="on" background_color="#6aceb6" inner_shadow="on" parallax="off"][et_pb_fullwidth_header admin_label="Fullwidth Header" title="Contact Our Company" subhead="If you have questions, we would love to help." background_layout="dark" /][/et_pb_section][et_pb_section][et_pb_row][et_pb_column type="1_3"][et_pb_blurb admin_label="Blurb" title="Get Directions" url="https://www.elegantthemes.com" url_new_window="on" image="http://elegantthemesimages.com/images/portfolio/image_510px-tall2.png" background_layout="light" text_orientation="left" /][/et_pb_column][et_pb_column type="2_3"][et_pb_contact_form admin_label="Contact Form" captcha="off" title="Get in Touch" /][/et_pb_column][/et_pb_row][/et_pb_section][et_pb_section fullwidth="off" background_color="#f9f9f9" inner_shadow="on" parallax="off"][et_pb_row][et_pb_column type="1_3"][et_pb_text admin_label="Text" background_layout="light" text_orientation="left"]</p><h3>Contact Information</h3><p>Cras rutrum blandit sem, molestie consequat erat luctus vel. Cras nunc est.</p><p><strong>Phone:</strong> 343.554.2466<br /> <strong>Fax:</strong> 888.343.3467<br /> <strong>eMail:</strong> contact@somewebsite.com</p><p>[/et_pb_text][/et_pb_column][et_pb_column type="1_3"][et_pb_text admin_label="Text" background_layout="light" text_orientation="left"]</p><h3>Location</h3><p>Cras rutrum blandit sem, molestie consequat erat luctus vel. Cras nunc est.</p><p><strong>Address: </strong>4323 Divi Street<br /> Some City, California<br /> 33432-67782</p><p>[/et_pb_text][/et_pb_column][et_pb_column type="1_3"][et_pb_text admin_label="Text" background_layout="light" text_orientation="left"]</p><h3>Hours of Operation</h3><p>Cras rutrum blandit sem, molestie consequat erat luctus vel. Cras nunc est.</p><p><strong>Mon–Fri:</strong> 8am–5pm<br /> <strong>Sat:</strong> 1pm–4pm<br /> <strong>Sun:</strong> Closed</p><p>[/et_pb_text][/et_pb_column][/et_pb_row][/et_pb_section]</p>]]></content:encoded>
		<excerpt:encoded><![CDATA[]]></excerpt:encoded>
		<wp:post_id>1344</wp:post_id>
		<wp:post_date>2013-12-17 01:42:29</wp:post_date>
		<wp:post_date_gmt>2013-12-17 01:42:29</wp:post_date_gmt>
		<wp:comment_status>open</wp:comment_status>
		<wp:ping_status>open</wp:ping_status>
		<wp:post_name>contact-us</wp:post_name>
		<wp:status>publish</wp:status>
		<wp:post_parent>0</wp:post_parent>
		<wp:menu_order>0</wp:menu_order>
		<wp:post_type>et_pb_layout</wp:post_type>
		<wp:post_password></wp:post_password>
		<wp:is_sticky>0</wp:is_sticky>
	</item>
	<item>
				<title>Corporate Homepage + Right Sidebar</title>
		<link>http://localhost:8888/?post_type=et_pb_layout&#038;p=1346</link>
		<pubDate>Tue, 17 Dec 2013 01:46:09 +0000</pubDate>
		<dc:creator><![CDATA[KennySing]]></dc:creator>
		<guid isPermaLink="false">http://localhost:8888/?post_type=et_pb_layout&#038;p=1346</guid>
		<description></description>
		<content:encoded><![CDATA[<p>[et_pb_section][et_pb_row][et_pb_column type="4_4"][et_pb_slider admin_label="Slider" show_arrows="on" show_pagination="on" parallax="off"][et_pb_slide heading="Lorem Ipsum Dolor Sit" button_text="Learn More" button_link="https://www.elegantthemes.com" background_image="http://elegantthemesimages.com/images/business/Elegant_Background-3.jpg" background_color="#ffffff" background_layout="dark"]</p><p>Amet, consectetur adipiscing elit. Integer dignissim porttitor diam, a cursus magna auctor eu. Proin suscipit nulla eu eros cursus ultrices.</p><p>[/et_pb_slide][/et_pb_slider][/et_pb_column][/et_pb_row][et_pb_row][et_pb_column type="3_4"][et_pb_text admin_label="Text" background_layout="light" text_orientation="left"]</p><h3>Our Mission Statement</h3><p>Lorem ipsum dolor sit amet, consectetur adipiscing elit. Integer dignissim porttitor diam, a cursus magna auctor eu. Proin suscipit nulla eu eros cursus ultrices. Suspendisse fermentum arcu sit amet lectus vestibulum, a euismod neque laoreet. Donec rutrum pellentesque consequat. Maecenas mattis porttitor ante sed consequat. Sed magna justo, venenatis commodo laoreet sed, semper nec tortor. Suspendisse consequat massa ipsum, sit amet susc.</p><p>[/et_pb_text][et_pb_divider admin_label="Divider" color="#d6d6d6" show_divider="on" height="20" /][et_pb_text admin_label="Text" background_layout="light" text_orientation="left"]</p><h3>Our Case Studies</h3><p>[/et_pb_text][et_pb_portfolio admin_label="Portfolio" fullwidth="off" posts_number="6" show_title="on" show_categories="off" show_pagination="off" background_layout="light" /][et_pb_divider admin_label="Divider" color="#d6d6d6" show_divider="on" height="20" /][et_pb_text admin_label="Text" background_layout="light" text_orientation="left"]</p><h3>What Our Customers Are Saying</h3><p>[/et_pb_text][et_pb_testimonial admin_label="Testimonial" author="Author Name" url_new_window="off"]</p><p>Lorem ipsum dolor sit amet, consectetur adipiscing elit. Integer dignissim porttitor diam, a cursus magna auctor eu. Proin suscipit nulla eu eros cursus ultrices. Suspendisse fermentum arcu sit amet lectus vestibulum, a euismod neque laoreet. Donec rutrum pellentesque consequat.</p><p>[/et_pb_testimonial][et_pb_testimonial admin_label="Testimonial" author="Author Name" url_new_window="off"]</p><p>Lorem ipsum dolor sit amet, consectetur adipiscing elit. Integer dignissim porttitor diam, a cursus magna auctor eu. Proin suscipit nulla eu eros cursus ultrices. Suspendisse fermentum arcu sit amet lectus vestibulum, a euismod neque laoreet. Donec rutrum pellentesque consequat.</p><p>[/et_pb_testimonial][/et_pb_column][et_pb_column type="1_4"][et_pb_sidebar admin_label="Sidebar" orientation="right" area="sidebar-1" background_layout="light" /][/et_pb_column][/et_pb_row][/et_pb_section][et_pb_section fullwidth="off"][et_pb_row][et_pb_column type="4_4"][et_pb_cta admin_label="Call To Action" title="Lorem Ipsum Dolor Sit" button_url="https://www.elegantthemes.com" button_text="Join Now" background_color="#7ebec5" use_background_color="on" background_layout="dark" text_orientation="center"]</p><p>Lorem ipsum dolor sit amet, consectetur adipiscing elit. Integer dignissim porttitor diam, a cursus magna auctor eu. Proin suscipit nulla eu eros cursus ultrices. Suspendisse fermentum arcu sit amet lectus vestibulum, a euismod neque laoreet.</p><p>[/et_pb_cta][/et_pb_column][/et_pb_row][/et_pb_section]</p>]]></content:encoded>
		<excerpt:encoded><![CDATA[]]></excerpt:encoded>
		<wp:post_id>1346</wp:post_id>
		<wp:post_date>2013-12-17 01:46:09</wp:post_date>
		<wp:post_date_gmt>2013-12-17 01:46:09</wp:post_date_gmt>
		<wp:comment_status>open</wp:comment_status>
		<wp:ping_status>open</wp:ping_status>
		<wp:post_name>corporate-homepage-right-sidebar</wp:post_name>
		<wp:status>publish</wp:status>
		<wp:post_parent>0</wp:post_parent>
		<wp:menu_order>0</wp:menu_order>
		<wp:post_type>et_pb_layout</wp:post_type>
		<wp:post_password></wp:post_password>
		<wp:is_sticky>0</wp:is_sticky>
	</item>
	<item>
				<title>Corporate Homepage 1</title>
		<link>http://localhost:8888/?post_type=et_pb_layout&#038;p=1348</link>
		<pubDate>Tue, 17 Dec 2013 01:47:44 +0000</pubDate>
		<dc:creator><![CDATA[KennySing]]></dc:creator>
		<guid isPermaLink="false">http://localhost:8888/?post_type=et_pb_layout&#038;p=1348</guid>
		<description></description>
		<content:encoded><![CDATA[<p>[et_pb_section fullwidth="on" background_color="#ffffff" inner_shadow="off" parallax="off"][et_pb_fullwidth_slider admin_label="Fullwidth Slider" show_arrows="on" show_pagination="on" parallax="off"][et_pb_slide heading="Lorem ipsum dolor sit amet, consectetur adipiscing elit integer dignissim porttitor diam amet sit dolor." background_color="#ffffff" background_layout="dark" background_image="http://elegantthemesimages.com/images/business/Elegant_Background-3.jpg" button_text="Learn More" button_link="https://www.elegantthemes.com" /][/et_pb_fullwidth_slider][/et_pb_section][et_pb_section fullwidth="off" background_color="#505e70" inner_shadow="off" parallax="off"][et_pb_row][et_pb_column type="4_4"][et_pb_text admin_label="Text" background_layout="dark" text_orientation="center"]</p><h2>Lorem ipsum dolor sit amet, consectetur adipiscing elit dignissim porttitor diam.</h2><p>[/et_pb_text][/et_pb_column][/et_pb_row][/et_pb_section][et_pb_section background_color="#f9f9f9" inner_shadow="on" parallax="off"][et_pb_row][et_pb_column type="1_4"][et_pb_divider admin_label="Divider" color="#ffffff" show_divider="off" height="10" /][et_pb_text admin_label="Text" background_layout="light" text_orientation="left"]</p><h1>LOREM IPSUM DOLOR</h1><p>[/et_pb_text][/et_pb_column][et_pb_column type="1_2"][et_pb_divider admin_label="Divider" color="#ffffff" show_divider="off" height="10" /][et_pb_text admin_label="Text" background_layout="light" text_orientation="left"]</p><p>Lorem ipsum dolor sit amet, consectetur adipiscing elit. Integer dignissim porttitor diam, a cursus magna auctor eu. Proin suscipit nulla eu eros cursus ultrices. Suspendisse fermentum arcu sit amet lectus vestibulum.</p><p>[/et_pb_text][/et_pb_column][et_pb_column type="1_4"][et_pb_image admin_label="Image" src="http://elegantthemesimages.com/images/business/piechart_128px.png" animation="left" /][/et_pb_column][/et_pb_row][et_pb_row][et_pb_column type="4_4"][et_pb_divider admin_label="Divider" color="#cccccc" show_divider="on" /][/et_pb_column][/et_pb_row][et_pb_row][et_pb_column type="1_4"][et_pb_divider admin_label="Divider" color="#ffffff" show_divider="off" height="10" /][et_pb_text admin_label="Text" background_layout="light" text_orientation="left"]</p><h1>LOREM IPSUM DOLOR</h1><p>[/et_pb_text][/et_pb_column][et_pb_column type="1_2"][et_pb_divider admin_label="Divider" color="#ffffff" show_divider="off" height="10" /][et_pb_text admin_label="Text" background_layout="light" text_orientation="left"]</p><p>Lorem ipsum dolor sit amet, consectetur adipiscing elit. Integer dignissim porttitor diam, a cursus magna auctor eu. Proin suscipit nulla eu eros cursus ultrices. Suspendisse fermentum arcu sit amet lectus vestibulum.</p><p>[/et_pb_text][/et_pb_column][et_pb_column type="1_4"][et_pb_image admin_label="Image" src="http://elegantthemesimages.com/images/business/wallet_128px.png" animation="left" /][/et_pb_column][/et_pb_row][et_pb_row][et_pb_column type="4_4"][et_pb_divider admin_label="Divider" color="#cccccc" show_divider="on" /][/et_pb_column][/et_pb_row][et_pb_row][et_pb_column type="1_4"][et_pb_divider admin_label="Divider" color="#ffffff" show_divider="off" height="10" /][et_pb_text admin_label="Text" background_layout="light" text_orientation="left"]</p><h1>LOREM IPSUM DOLOR</h1><p>[/et_pb_text][/et_pb_column][et_pb_column type="1_2"][et_pb_divider admin_label="Divider" color="#ffffff" show_divider="off" height="10" /][et_pb_text admin_label="Text" background_layout="light" text_orientation="left"]</p><p>Lorem ipsum dolor sit amet, consectetur adipiscing elit. Integer dignissim porttitor diam, a cursus magna auctor eu. Proin suscipit nulla eu eros cursus ultrices. Suspendisse fermentum arcu sit amet lectus vestibulum.</p><p>[/et_pb_text][/et_pb_column][et_pb_column type="1_4"][et_pb_image admin_label="Image" src="http://elegantthemesimages.com/images/business/commerce_128px.png" animation="left" /][/et_pb_column][/et_pb_row][/et_pb_section][et_pb_section fullwidth="off"][et_pb_row][et_pb_column type="4_4"][et_pb_cta admin_label="Call To Action" title="Lorem Ipsum Dolor" button_url="https://www.elegantthemes.com" button_text="Learn More" background_color="#7ebec5" use_background_color="on" background_layout="dark" text_orientation="center"]</p><p>Lorem ipsum dolor sit amet, consectetur adipiscing elit. Integer dignissim porttitor diam, a cursus magna auctor eu. Proin suscipit nulla eu eros cursus ultrices. Suspendisse fermentum arcu sit amet lectus vestibulum, a euismod neque laoreet.</p><p>[/et_pb_cta][/et_pb_column][/et_pb_row][/et_pb_section]</p>]]></content:encoded>
		<excerpt:encoded><![CDATA[]]></excerpt:encoded>
		<wp:post_id>1348</wp:post_id>
		<wp:post_date>2013-12-17 01:47:44</wp:post_date>
		<wp:post_date_gmt>2013-12-17 01:47:44</wp:post_date_gmt>
		<wp:comment_status>open</wp:comment_status>
		<wp:ping_status>open</wp:ping_status>
		<wp:post_name>corporate-homepage-1</wp:post_name>
		<wp:status>publish</wp:status>
		<wp:post_parent>0</wp:post_parent>
		<wp:menu_order>0</wp:menu_order>
		<wp:post_type>et_pb_layout</wp:post_type>
		<wp:post_password></wp:post_password>
		<wp:is_sticky>0</wp:is_sticky>
	</item>
	<item>
				<title>Corporate Homepage 2</title>
		<link>http://localhost:8888/?post_type=et_pb_layout&#038;p=1350</link>
		<pubDate>Tue, 17 Dec 2013 01:50:47 +0000</pubDate>
		<dc:creator><![CDATA[KennySing]]></dc:creator>
		<guid isPermaLink="false">http://localhost:8888/?post_type=et_pb_layout&#038;p=1350</guid>
		<description></description>
		<content:encoded><![CDATA[<p>[et_pb_section fullwidth="on"][et_pb_fullwidth_slider admin_label="Fullwidth Slider" show_arrows="on" show_pagination="on" parallax="off"][et_pb_slide heading="Lorem ipsum dolor sit amet." button_text="More Info" button_link="https://www.elegantthemes.com" background_image="http://elegantthemesimages.com/images/business/Elegant_Background-7.jpg" background_color="#ffffff" background_layout="light"]</p><p>Integer dignissim porttitor diam, a cursus magna auctor eu.</p><p>[/et_pb_slide][/et_pb_fullwidth_slider][/et_pb_section][et_pb_section fullwidth="off" background_color="#ffffff" inner_shadow="off" parallax="off"][et_pb_row][et_pb_column type="4_4"][et_pb_text admin_label="Text" background_layout="light" text_orientation="center"]</p><h3>"Integer dignissim porttitor diam, a cursus magna auctor eu eu eros cursus ultrices"</h3><p>[/et_pb_text][/et_pb_column][/et_pb_row][/et_pb_section][et_pb_section fullwidth="off" background_color="#f9f9f9" inner_shadow="on" parallax="off"][et_pb_row][et_pb_column type="1_2"][et_pb_image admin_label="Image" src="http://elegantthemesimages.com/images/portfolio/image_510px.png" animation="left" /][/et_pb_column][et_pb_column type="1_2"][et_pb_text admin_label="Text" background_layout="light" text_orientation="left"]</p><h1>Header Goes Here</h1><p>[/et_pb_text][et_pb_tabs admin_label="Tabs"][et_pb_tab title="Tab 1"]</p><p>Lorem ipsum dolor sit amet, consectetur adipiscing elit. Integer dignissim porttitor diam, a cursus magna auctor eu. Proin suscipit nulla eu eros cursus ultrices. Suspendisse fermentum arcu sit amet lectus vestibulum, a euismod neque laoreet. Donec rutrum pellentesque consequat. Maecenas mattis porttitor ante sed consequat.</p><p>[/et_pb_tab][et_pb_tab title="Tab 2 "]</p><p>Lorem ipsum dolor sit amet, consectetur adipiscing elit. Integer dignissim porttitor diam, a cursus magna auctor eu. Proin suscipit nulla eu eros cursus ultrices. Suspendisse fermentum arcu sit amet lectus vestibulum, a euismod neque laoreet. Donec rutrum pellentesque consequat. Maecenas mattis porttitor ante sed consequat.</p><p>[/et_pb_tab][et_pb_tab title="Tab 3"]</p><p>Lorem ipsum dolor sit amet, consectetur adipiscing elit. Integer dignissim porttitor diam, a cursus magna auctor eu. Proin suscipit nulla eu eros cursus ultrices. Suspendisse fermentum arcu sit amet lectus vestibulum, a euismod neque laoreet. Donec rutrum pellentesque consequat. Maecenas mattis porttitor ante sed consequat.</p><p>[/et_pb_tab][/et_pb_tabs][/et_pb_column][/et_pb_row][et_pb_row][et_pb_column type="4_4"][et_pb_divider admin_label="Divider" color="#d8d8d8" show_divider="on" height="20" /][/et_pb_column][/et_pb_row][et_pb_row][et_pb_column type="1_4"][et_pb_blurb admin_label="Blurb" title="Blurb Title Here" url_new_window="off" image="http://elegantthemesimages.com/images/business/wallet_128px.png" background_layout="light" text_orientation="left"]</p><p>Lorem ipsum dolor sit amet, consectetur adipiscing elit. Integer dignissim porttitor diam, a cursus magna auctor eu. Proin suscipit nulla eu eros cursus ultrices.</p><p>[/et_pb_blurb][/et_pb_column][et_pb_column type="1_4"][et_pb_blurb admin_label="Blurb" title="Blurb Title Here" url_new_window="off" image="http://elegantthemesimages.com/images/business/commerce_128px.png" background_layout="light" text_orientation="left"]</p><p>Lorem ipsum dolor sit amet, consectetur adipiscing elit. Integer dignissim porttitor diam, a cursus magna auctor eu. Proin suscipit nulla eu eros cursus ultrices.</p><p>[/et_pb_blurb][/et_pb_column][et_pb_column type="1_4"][et_pb_blurb admin_label="Blurb" title="Blurb Title Here" url_new_window="off" image="http://elegantthemesimages.com/images/business/devices_128px.png" background_layout="light" text_orientation="left"]</p><p>Lorem ipsum dolor sit amet, consectetur adipiscing elit. Integer dignissim porttitor diam, a cursus magna auctor eu. Proin suscipit nulla eu eros cursus ultrices.</p><p>[/et_pb_blurb][/et_pb_column][et_pb_column type="1_4"][et_pb_blurb admin_label="Blurb" title="Blurb Title Here" url_new_window="off" image="http://elegantthemesimages.com/images/business/piechart_128px.png" background_layout="light" text_orientation="left"]</p><p>Lorem ipsum dolor sit amet, consectetur adipiscing elit. Integer dignissim porttitor diam, a cursus magna auctor eu. Proin suscipit nulla eu eros cursus ultrices.</p><p>[/et_pb_blurb][/et_pb_column][/et_pb_row][/et_pb_section][et_pb_section fullwidth="off" background_color="#ffffff" inner_shadow="off" parallax="off"][et_pb_row][et_pb_column type="1_4"][et_pb_image admin_label="Image" src="http://elegantthemesimages.com/images/portfolio/premade_logo-1.png" animation="right" /][/et_pb_column][et_pb_column type="1_4"][et_pb_image admin_label="Image" src="http://elegantthemesimages.com/images/portfolio/premade_logo-1.png" animation="right" /][/et_pb_column][et_pb_column type="1_4"][et_pb_image admin_label="Image" src="http://elegantthemesimages.com/images/portfolio/premade_logo-1.png" animation="left" /][/et_pb_column][et_pb_column type="1_4"][et_pb_image admin_label="Image" src="http://elegantthemesimages.com/images/portfolio/premade_logo-1.png" animation="left" /][/et_pb_column][/et_pb_row][/et_pb_section][et_pb_section fullwidth="off" background_image="http://elegantthemesimages.com/images/business/Elegant_Background-3.jpg" background_color="#ffffff" inner_shadow="on" parallax="on"][et_pb_row][et_pb_column type="4_4"][et_pb_cta admin_label="Call To Action" title="Lorem Ipsum Dolor Amet" button_url="https://www.elegantthemes.com" button_text="Visit Us" background_color="#7ebec5" use_background_color="off" background_layout="dark" text_orientation="center"]</p><p>Lorem ipsum dolor sit amet, consectetur adipiscing elit. Integer dignissim porttitor diam, a cursus magna auctor eu.</p><p>[/et_pb_cta][/et_pb_column][/et_pb_row][/et_pb_section]</p>]]></content:encoded>
		<excerpt:encoded><![CDATA[]]></excerpt:encoded>
		<wp:post_id>1350</wp:post_id>
		<wp:post_date>2013-12-17 01:50:47</wp:post_date>
		<wp:post_date_gmt>2013-12-17 01:50:47</wp:post_date_gmt>
		<wp:comment_status>open</wp:comment_status>
		<wp:ping_status>open</wp:ping_status>
		<wp:post_name>corporate-homepage-2</wp:post_name>
		<wp:status>publish</wp:status>
		<wp:post_parent>0</wp:post_parent>
		<wp:menu_order>0</wp:menu_order>
		<wp:post_type>et_pb_layout</wp:post_type>
		<wp:post_password></wp:post_password>
		<wp:is_sticky>0</wp:is_sticky>
	</item>
	<item>
				<title>Sales page</title>
		<link>http://localhost:8888/?post_type=et_pb_layout&#038;p=1354</link>
		<pubDate>Tue, 17 Dec 2013 01:53:50 +0000</pubDate>
		<dc:creator><![CDATA[KennySing]]></dc:creator>
		<guid isPermaLink="false">http://localhost:8888/?post_type=et_pb_layout&#038;p=1354</guid>
		<description></description>
		<content:encoded><![CDATA[<p>[et_pb_section][et_pb_row][et_pb_column type="4_4"][et_pb_image admin_label="Image" src="http://elegantthemesimages.com/images/business/MBP_1080px.jpg" animation="top" /][/et_pb_column][/et_pb_row][/et_pb_section][et_pb_section fullwidth="off" background_color="#f9f9f9" inner_shadow="on" parallax="off"][et_pb_row][et_pb_column type="4_4"][et_pb_cta admin_label="Call To Action" title="Divi is the smartest, most flexible theme in our collection." button_url="http://elegantthemes.com/preview/Divi/" button_text="Live Demo" background_color="#7ebec5" use_background_color="off" background_layout="light" text_orientation="center" /][/et_pb_column][/et_pb_row][/et_pb_section][et_pb_section fullwidth="on" background_color="#81adc6" inner_shadow="off" parallax="off"][et_pb_fullwidth_header admin_label="Fullwidth Header" title="Plans and Pricing" background_layout="dark" subhead="Join now for instant access to our entire collection" /][/et_pb_section][et_pb_section fullwidth="off"][et_pb_row][et_pb_column type="4_4"][et_pb_pricing_tables admin_label="Pricing Table"][et_pb_pricing_table featured="off" title="Personal" currency="$" per="yr" sum="39" button_url="http://www.elegantthemes.com/" button_text="Join Now"]</p><p>+Access to <a href="http://elegantthemes.com/preview/Divi/join/#">All Themes</a><br /> +Perpetual Theme Updates<br /> -Premium Technical Support<br /> -Access to <a href="http://elegantthemes.com/preview/Divi/join/#">All Plugins</a><br /> -Layered Photoshop Files<br /> -No Yearly Fees</p><p>[/et_pb_pricing_table][et_pb_pricing_table featured="on" title="Developer" subtitle="Best Value" currency="$" per="yr" sum="89" button_url="http://www.elegantthemes.com/" button_text="Join Now"]</p><p>+Access to <a href="http://elegantthemes.com/preview/Divi/join/#">All Themes</a><br /> +Perpetual Theme Updates<br /> +Premium Technical Support<br /> +Access to <a href="http://elegantthemes.com/preview/Divi/join/#">All Plugins</a><br /> +Layered Photoshop Files<br /> -No Yearly Fees</p><p>[/et_pb_pricing_table][et_pb_pricing_table featured="off" title="Lifetime Access" currency="$" per="yr" sum="249" button_url="http://www.elegantthemes.com/" button_text="Join Now"]</p><p>+Access to <a href="http://elegantthemes.com/preview/Divi/join/#">All Themes</a><br /> +Perpetual Theme Updates<br /> +Premium Technical Support<br /> +Access to <a href="http://elegantthemes.com/preview/Divi/join/#">All Plugins</a><br /> +Layered Photoshop Files<br /> +No Yearly Fees</p><p>[/et_pb_pricing_table][/et_pb_pricing_tables][/et_pb_column][/et_pb_row][et_pb_row][et_pb_column type="4_4"][et_pb_cta admin_label="Call To Action" title="Our Theme Collection" button_url="http://www.elegantthemes.com/" button_text="Premium Themes" background_color="#7ebec5" use_background_color="on" background_layout="dark" text_orientation="center"]</p><p>Lorem ipsum dolor sit amet, consectetur adipiscing elit. Integer dignissim porttitor diam, a cursus magna auctor eu.</p><p>[/et_pb_cta][/et_pb_column][/et_pb_row][/et_pb_section][et_pb_section fullwidth="on" background_color="#818ec6" inner_shadow="off" parallax="off"][et_pb_fullwidth_header admin_label="Fullwidth Header" title="Word on the Street" background_layout="dark" subhead="Don't just take it from us. Listen to what our customers have to say." /][/et_pb_section][et_pb_section fullwidth="off"][et_pb_row][et_pb_column type="1_4"][et_pb_image admin_label="Image" src="http://elegantthemesimages.com/images/portfolio/premade_logo-1.png" animation="right" /][et_pb_testimonial admin_label="Testimonial" author="Author's Name" url_new_window="off"]</p><p>Lorem ipsum dolor sit amet, consectetur adipiscing elit. Integer dignissim porttitor diam, a cursus magna auctor eu. Proin suscipit nulla eu eros cursus ultrices. Suspendisse fermentum arcu sit amet lectus vestibulum, a euismod neque laoreet. Donec rutrum pellentesque consequat.</p><p>[/et_pb_testimonial][/et_pb_column][et_pb_column type="1_4"][et_pb_image admin_label="Image" src="http://elegantthemesimages.com/images/portfolio/premade_logo-1.png" animation="right" /][et_pb_testimonial admin_label="Testimonial" author="Author's Name" url_new_window="off"]</p><p>Lorem ipsum dolor sit amet, consectetur adipiscing elit. Integer dignissim porttitor diam, a cursus magna auctor eu. Proin suscipit nulla eu eros cursus ultrices. Suspendisse fermentum arcu sit amet lectus vestibulum, a euismod neque laoreet. Donec rutrum pellentesque consequat.</p><p>[/et_pb_testimonial][/et_pb_column][et_pb_column type="1_4"][et_pb_image admin_label="Image" src="http://elegantthemesimages.com/images/portfolio/premade_logo-1.png" animation="left" /][et_pb_testimonial admin_label="Testimonial" author="Author's Name" url_new_window="off"]</p><p>Lorem ipsum dolor sit amet, consectetur adipiscing elit. Integer dignissim porttitor diam, a cursus magna auctor eu. Proin suscipit nulla eu eros cursus ultrices. Suspendisse fermentum arcu sit amet lectus vestibulum, a euismod neque laoreet. Donec rutrum pellentesque consequat.</p><p>[/et_pb_testimonial][/et_pb_column][et_pb_column type="1_4"][et_pb_image admin_label="Image" src="http://elegantthemesimages.com/images/portfolio/premade_logo-1.png" animation="left" /][et_pb_testimonial admin_label="Testimonial" author="Author's Name" url_new_window="off"]</p><p>Lorem ipsum dolor sit amet, consectetur adipiscing elit. Integer dignissim porttitor diam, a cursus magna auctor eu. Proin suscipit nulla eu eros cursus ultrices. Suspendisse fermentum arcu sit amet lectus vestibulum, a euismod neque laoreet. Donec rutrum pellentesque consequat.</p><p>[/et_pb_testimonial][/et_pb_column][/et_pb_row][/et_pb_section][et_pb_section fullwidth="on" background_color="#f9f9f9" inner_shadow="on" parallax="off"][et_pb_fullwidth_header admin_label="Fullwidth Header" title="Frequently Asked Questions" background_layout="light" /][/et_pb_section][et_pb_section fullwidth="off"][et_pb_row][et_pb_column type="4_4"][et_pb_toggle admin_label="Toggle" title="Frequently asked question" open="on"]</p><p>Lorem ipsum dolor sit amet, consectetur adipiscing elit. Integer dignissim porttitor diam, a cursus magna auctor eu. Proin suscipit nulla eu eros cursus ultrices. Suspendisse fermentum arcu sit amet lectus vestibulum, a euismod neque laoreet. Donec rutrum pellentesque consequat. Maecenas mattis porttitor ante sed consequat.</p><p>[/et_pb_toggle][et_pb_toggle admin_label="Toggle" title="Frequently asked question" open="off"]</p><p>Lorem ipsum dolor sit amet, consectetur adipiscing elit. Integer dignissim porttitor diam, a cursus magna auctor eu. Proin suscipit nulla eu eros cursus ultrices. Suspendisse fermentum arcu sit amet lectus vestibulum, a euismod neque laoreet. Donec rutrum pellentesque consequat. Maecenas mattis porttitor ante sed consequat.</p><p>[/et_pb_toggle][et_pb_toggle admin_label="Toggle" title="Frequently asked question" open="off"]</p><p>Lorem ipsum dolor sit amet, consectetur adipiscing elit. Integer dignissim porttitor diam, a cursus magna auctor eu. Proin suscipit nulla eu eros cursus ultrices. Suspendisse fermentum arcu sit amet lectus vestibulum, a euismod neque laoreet. Donec rutrum pellentesque consequat. Maecenas mattis porttitor ante sed consequat.</p><p>[/et_pb_toggle][/et_pb_column][/et_pb_row][/et_pb_section]</p>]]></content:encoded>
		<excerpt:encoded><![CDATA[]]></excerpt:encoded>
		<wp:post_id>1354</wp:post_id>
		<wp:post_date>2013-12-17 01:53:50</wp:post_date>
		<wp:post_date_gmt>2013-12-17 01:53:50</wp:post_date_gmt>
		<wp:comment_status>open</wp:comment_status>
		<wp:ping_status>open</wp:ping_status>
		<wp:post_name>sales-page</wp:post_name>
		<wp:status>publish</wp:status>
		<wp:post_parent>0</wp:post_parent>
		<wp:menu_order>0</wp:menu_order>
		<wp:post_type>et_pb_layout</wp:post_type>
		<wp:post_password></wp:post_password>
		<wp:is_sticky>0</wp:is_sticky>
	</item>
	<item>
				<title>Sales Page Extended</title>
		<link>http://localhost:8888/?post_type=et_pb_layout&#038;p=1355</link>
		<pubDate>Tue, 17 Dec 2013 01:54:02 +0000</pubDate>
		<dc:creator><![CDATA[KennySing]]></dc:creator>
		<guid isPermaLink="false">http://localhost:8888/?post_type=et_pb_layout&#038;p=1355</guid>
		<description></description>
		<content:encoded><![CDATA[<p>[et_pb_section background_color="#f2f2f2" inner_shadow="on" parallax="off"][et_pb_row][et_pb_column type="4_4"][et_pb_divider admin_label="Divider" color="#ffffff" show_divider="off" /][/et_pb_column][/et_pb_row][et_pb_row][et_pb_column type="1_2"][et_pb_text admin_label="Text" background_layout="light" text_orientation="left"]</p><h2>What We Offer</h2><p>Lorem ipsum dolor sit amet, consectetur adipiscing elit. Integer dignissim porttitor diam, a cursus magna auctor eu. Proin suscipit nulla eu eros cursus ultrices. Suspendisse fermentum arcu sit amet lectus vestibulum, a euismod neque laoreet. Donec rutrum pellentesque consequat. Maecenas mattis porttitor ante sed consequat.</p><p>Sed magna justo, venenatis commodo laoreet sed, semper nec tortor. Suspendisse consequat massa ipsum, sit amet suscipit sapien pharetra ac. Proin velit orci, luctus euismod fringilla eget, tempus ac arcu. Quisque eu venenatis ipsum. Interdum et malesuada fames ac ante ipsum primis in faucibus. Suspendisse fermentum nulla id orci lacinia, tempor fa[/et_pb_text][/et_pb_column][et_pb_column type="1_2"][et_pb_counters admin_label="Animated Counters" background_layout="light" background_color="#dddddd" bar_bg_color="#7ebec5"][et_pb_counter percent="45"]Category 1[/et_pb_counter][et_pb_counter percent="65"]Category 2[/et_pb_counter][et_pb_counter percent="70"]Category 3[/et_pb_counter][et_pb_counter percent="90"]Category 4[/et_pb_counter][et_pb_counter percent="35"]Category 5[/et_pb_counter][et_pb_counter percent="20"]Category 6[/et_pb_counter][/et_pb_counters][/et_pb_column][/et_pb_row][/et_pb_section][et_pb_section fullwidth="off"][et_pb_row][et_pb_column type="4_4"][et_pb_text admin_label="Text" background_layout="light" text_orientation="center"]</p><h1>Plans and Pricing</h1><p>Lorem ipsum dolor sit amet, consectetur adipiscing elit. Integer dignissim porttitor diam, a cursus magna auctor eu.</p><p>[/et_pb_text][/et_pb_column][/et_pb_row][et_pb_row][et_pb_column type="4_4"][et_pb_pricing_tables admin_label="Pricing Table"][et_pb_pricing_table featured="off" title="Personal" currency="$" per="yr" sum="39" button_url="http://www.elegantthemes.com/" button_text="Join Now"]</p><p>+Access to <a href="http://elegantthemes.com/preview/Divi/join/#">All Themes</a><br /> +Perpetual Theme Updates<br /> -Premium Technical Support<br /> -Access to <a href="http://elegantthemes.com/preview/Divi/join/#">All Plugins</a><br /> -Layered Photoshop Files<br /> -No Yearly Fees</p><p>[/et_pb_pricing_table][et_pb_pricing_table featured="on" title="Developer" subtitle="Best Value" currency="$" per="yr" sum="89" button_url="http://www.elegantthemes.com/" button_text="Join Now"]</p><p>+Access to <a href="http://elegantthemes.com/preview/Divi/join/#">All Themes</a><br /> +Perpetual Theme Updates<br /> +Premium Technical Support<br /> +Access to <a href="http://elegantthemes.com/preview/Divi/join/#">All Plugins</a><br /> +Layered Photoshop Files<br /> -No Yearly Fees</p><p>[/et_pb_pricing_table][et_pb_pricing_table featured="off" title="Lifetime Access" currency="$" per="yr" sum="249" button_url="http://www.elegantthemes.com/" button_text="Join Now"]</p><p>+Access to <a href="http://elegantthemes.com/preview/Divi/join/#">All Themes</a><br /> +Perpetual Theme Updates<br /> +Premium Technical Support<br /> +Access to <a href="http://elegantthemes.com/preview/Divi/join/#">All Plugins</a><br /> +Layered Photoshop Files<br /> +No Yearly Fees</p><p>[/et_pb_pricing_table][/et_pb_pricing_tables][/et_pb_column][/et_pb_row][/et_pb_section][et_pb_section fullwidth="off"][et_pb_row][et_pb_column type="4_4"][et_pb_text admin_label="Text" background_layout="light" text_orientation="center"]</p><h1>What Our Customers are Saying</h1><p>Lorem ipsum dolor sit amet, consectetur adipiscing elit. Integer dignissim porttitor diam, a cursus magna auctor eu.</p><p>[/et_pb_text][/et_pb_column][/et_pb_row][et_pb_row][et_pb_column type="1_3"][et_pb_testimonial admin_label="Testimonial" author="Author's Name" url_new_window="off"]</p><p>Lorem ipsum dolor sit amet, consectetur adipiscing elit. Integer dignissim porttitor diam, a cursus magna auctor eu. Proin suscipit nulla eu eros cursus ultrices. Suspendisse fermentum arcu sit amet lectus vestibulum, a euismod neque laoreet.</p><p>[/et_pb_testimonial][/et_pb_column][et_pb_column type="1_3"][et_pb_testimonial admin_label="Testimonial" author="Author's Name" url_new_window="off"]</p><p>Lorem ipsum dolor sit amet, consectetur adipiscing elit. Integer dignissim porttitor diam, a cursus magna auctor eu. Proin suscipit nulla eu eros cursus ultrices. Suspendisse fermentum arcu sit amet lectus vestibulum, a euismod neque laoreet.</p><p>[/et_pb_testimonial][/et_pb_column][et_pb_column type="1_3"][et_pb_testimonial admin_label="Testimonial" author="Author's Name" url_new_window="off"]</p><p>Lorem ipsum dolor sit amet, consectetur adipiscing elit. Integer dignissim porttitor diam, a cursus magna auctor eu. Proin suscipit nulla eu eros cursus ultrices. Suspendisse fermentum arcu sit amet lectus vestibulum, a euismod neque laoreet.</p><p>[/et_pb_testimonial][/et_pb_column][/et_pb_row][et_pb_row][et_pb_column type="4_4"][et_pb_cta admin_label="Call To Action" title="Our Theme Collection" button_url="http://www.elegantthemes.com/" button_text="Premium Themes" background_color="#7ebec5" use_background_color="on" background_layout="dark" text_orientation="center"]</p><p>Lorem ipsum dolor sit amet, consectetur adipiscing elit. Integer dignissim porttitor diam, a cursus magna auctor eu.</p><p>[/et_pb_cta][/et_pb_column][/et_pb_row][/et_pb_section]</p>]]></content:encoded>
		<excerpt:encoded><![CDATA[]]></excerpt:encoded>
		<wp:post_id>1355</wp:post_id>
		<wp:post_date>2013-12-17 01:54:02</wp:post_date>
		<wp:post_date_gmt>2013-12-17 01:54:02</wp:post_date_gmt>
		<wp:comment_status>open</wp:comment_status>
		<wp:ping_status>open</wp:ping_status>
		<wp:post_name>sales-page-extended</wp:post_name>
		<wp:status>publish</wp:status>
		<wp:post_parent>0</wp:post_parent>
		<wp:menu_order>0</wp:menu_order>
		<wp:post_type>et_pb_layout</wp:post_type>
		<wp:post_password></wp:post_password>
		<wp:is_sticky>0</wp:is_sticky>
	</item>
	<item>
				<title>Corporate Landing Page</title>
		<link>http://localhost:8888/?post_type=et_pb_layout&#038;p=1356</link>
		<pubDate>Tue, 17 Dec 2013 01:54:51 +0000</pubDate>
		<dc:creator><![CDATA[KennySing]]></dc:creator>
		<guid isPermaLink="false">http://localhost:8888/?post_type=et_pb_layout&#038;p=1356</guid>
		<description></description>
		<content:encoded><![CDATA[<p>[et_pb_section background_image="http://elegantthemesimages.com/images/business/Elegant_Background-3.jpg" background_color="#ffffff" inner_shadow="off" parallax="off"][et_pb_row][et_pb_column type="4_4"][et_pb_image admin_label="Image" src="http://elegantthemesimages.com/images/portfolio/d.png" animation="left" /][et_pb_text admin_label="Text" background_layout="dark" text_orientation="center"]</p><h1>Lorem ipsum dolor sit amet.</h1><h1>Consectetur dor adipiscing elit amet dolor.</h1><h1>Integer dignissim porttitor ispusm.</h1><p>[/et_pb_text][et_pb_divider admin_label="Divider" color="#ffffff" show_divider="off" height="50" /][/et_pb_column][/et_pb_row][et_pb_row][et_pb_column type="1_4"][et_pb_blurb admin_label="Blurb" title="Blurb Title" url_new_window="off" image="http://elegantthemesimages.com/images/portfolio/icon-2.png" background_layout="dark" text_orientation="center" url="https://www.elegantthemes.com" /][/et_pb_column][et_pb_column type="1_4"][et_pb_blurb admin_label="Blurb" title="Blurb Title" url_new_window="off" image="http://elegantthemesimages.com/images/portfolio/icon-4.png" background_layout="dark" text_orientation="center" url="https://www.elegantthemes.com" /][/et_pb_column][et_pb_column type="1_4"][et_pb_blurb admin_label="Blurb" title="Blurb Title" url_new_window="off" image="http://elegantthemesimages.com/images/portfolio/icon-3.png" background_layout="dark" text_orientation="center" url="https://www.elegantthemes.com" /][/et_pb_column][et_pb_column type="1_4"][et_pb_blurb admin_label="Blurb" title="Blurb Title" url_new_window="off" image="http://elegantthemesimages.com/images/portfolio/icon-1.png" background_layout="dark" text_orientation="center" url="https://www.elegantthemes.com" /][/et_pb_column][/et_pb_row][et_pb_row][et_pb_column type="4_4"][et_pb_cta admin_label="Call To Action" button_url="https://www.elegantthemes.com" button_text="Sign Up Today!" background_color="#7ebec5" use_background_color="off" background_layout="dark" text_orientation="center" /][/et_pb_column][/et_pb_row][/et_pb_section]</p>]]></content:encoded>
		<excerpt:encoded><![CDATA[]]></excerpt:encoded>
		<wp:post_id>1356</wp:post_id>
		<wp:post_date>2013-12-17 01:54:51</wp:post_date>
		<wp:post_date_gmt>2013-12-17 01:54:51</wp:post_date_gmt>
		<wp:comment_status>open</wp:comment_status>
		<wp:ping_status>open</wp:ping_status>
		<wp:post_name>corporate-landing-page</wp:post_name>
		<wp:status>publish</wp:status>
		<wp:post_parent>0</wp:post_parent>
		<wp:menu_order>0</wp:menu_order>
		<wp:post_type>et_pb_layout</wp:post_type>
		<wp:post_password></wp:post_password>
		<wp:is_sticky>0</wp:is_sticky>
	</item>
</channel>
</rss>
